index,CatBoost,LightGB,XGBoost,HistGradientBoosting,ExtraTrees,Ridge,Logistic,KNN,AdaBoost,LDA,MLP,DecisionTree,SVM,NaiveBayes
accuracy mean,0.9957,0.9954,0.9952197175430112,0.9940587630073376,0.961367097689894,0.9613377463544082,0.9658132824090384,0.9516544200131858,0.9931104785656352,0.9608587222111912,0.9802919513800672,0.990702937266299,0.9731484446859592,0.9613670976898939
accuracy std,0.0007,0.0009,0.000404963620111,0.0014127967167119,0.0060775071850215,0.0060269669750023,0.0062860211252549,0.0061883448297475,0.0019992531843899,0.0078656818175198,0.0027753499706141,0.0012898278622156,0.0044289969733479,0.006077507185021549
AUC mean,0.9957,0.996,0.99510346530438,0.9956560497023992,0.9790196127064764,0.952717833646183,0.9549614893858622,0.5380892815690229,0.9945684808352824,0.952716316214512,0.9710796234197826,0.9494806333069672,0.9565720563627772,0.6899171056445091
AUC std,0.0021,0.0016,0.0024236143653422,0.0021279549699683,0.0050140748213537,0.0086408672961772,0.0050544319803134,0.0142915946438367,0.0022711027703044,0.008640371195015,0.0087315937748514,0.0060109326942311,0.0051670945815537,0.065717881100015
