Index,CatBoost,LightGB,XGBoost,HistGB,ExtraTrees,Ridge,Logistic,KNN,AdaBoost,LDA,MLP,DecisionTree,SVM,NaiveBayes
Accuracy Mean,0.9955887712784628,0.9951616450755064,0.9950959114721554,0.9943511563622482,0.9614741187980504,0.9613975271273946,0.9655858989946732,0.950638411820228,0.9929738905655991,0.9608299796828144,0.9816053654459548,0.98920111859943,0.9731364703002564,0.9614741187980504
Accuracy Std,0.0011318824413995697,0.0013805511172503,0.0010930604402689,0.0015021213547486,0.0064859824637845,0.0065222820310132,0.0065604080637249,0.0054879500005484,0.0019211680451334,0.0096526144382107,0.0036558660642988,0.001961448294333,0.0030629447611491,0.0064859824637845
AUC Mean,0.9960868017284327,0.9960543230042128,0.9943203052227744,0.99559871419358,0.9772295556244204,0.9524983066101138,0.9555031196628836,0.5439127685150098,0.9946839607920964,0.9524969400463658,0.974706906349298,0.948663754147933,0.9572603253389058,0.6887481467290798
AUC Std,0.0012245822871364298,0.0014768627051623,0.0018007259556628,0.0016457646854343,0.006083070409377,0.0130349527045947,0.0116015353872316,0.0249531282124474,0.0017180848261605,0.0130350488131637,0.0082804760123925,0.0129280443300412,0.0106574972670759,0.0337396933429478
